<?xml version="1.0" encoding="utf-8"?>
<StateGraph>
  <StateList>
    <State Name="state0">
      <StateActionData>
        <mType>0</mType>
        <mActionInt>2</mActionInt>
      </StateActionData>
    </State>
    <State Name="state1">
      <StateQueryData>
        <mType>1</mType>
        <mQueryInt>32</mQueryInt>
        <mQueryText>This is state1</mQueryText>
      </StateQueryData>
    </State>
    <State Name="state2">
      <StateQueryData>
        <mType>1</mType>
        <mQueryInt>96</mQueryInt>
        <mQueryText>This is state2</mQueryText>
      </StateQueryData>
    </State>
  </StateList>
  <TransitionList>
    <Transition>
      <Source>state0</Source>
      <Destination>state1</Destination>
    </Transition>
    <Transition>
      <Source>state1</Source>
      <Destination>state2</Destination>
    </Transition>
  </TransitionList>
</StateGraph>
