{
   "Weapons":
   {
     "SinglePlayer":
     {
       "Pistol":
       {
         "fire_rate": "0.75",
         "damage":
         [
           {
             "standard": "2",
             "alternate": "4"
           },
           {
             "standard": "3",
             "alternate": "5"
           },
           {
             "standard": "4",
             "alternate": "6"
           }
         ],
         "xp":
         [
           "100",
           "200"
         ]
       },
       "Shotgun":
       {
         "fire_rate": "1",
         "damage":
         [
           {
             "standard": "3",
             "alternate": "5"
           },
           {
             "standard": "4",
             "alternate": "6"
           },
           {
             "standard": "5",
             "alternate": "7"
           }
         ],
         "xp":
         [
           "150",
           "250"
         ]
       },
       "RocketLauncher":
       {
         "fire_rate": "3",
         "damage":
         [
           {
             "standard": "5",
             "alternate": "7"
           },
           {
             "standard": "6",
             "alternate": "8"
           },
           {
             "standard": "7",
             "alternate": "9"
           }
         ],
         "xp":
         [
           "200",
           "400"
         ]
       }
     },
     "Competitive":
     {
       "Pistol":
       {
         "fire_rate": "0.5",
         "damage":
         [
           {
             "standard": "1",
             "alternate": "2"
           },
           {
             "standard": "2",
             "alternate": "3"
           },
           {
             "standard": "3",
             "alternate": "4"
           }
         ],
         "xp":
         [
           "150",
           "300"
         ]
       },
       "Shotgun":
       {
         "fire_rate": "0.75",
         "damage":
         [
           {
             "standard": "2",
             "alternate": "3"
           },
           {
             "standard": "3",
             "alternate": "4"
           },
           {
             "standard": "4",
             "alternate": "5"
           }
         ],
         "xp":
         [
           "200",
           "300"
         ]
       },
       "RocketLauncher":
       {
         "fire_rate": "2",
         "damage":
         [
           {
             "standard": "4",
             "alternate": "5"
           },
           {
             "standard": "5",
             "alternate": "6"
           },
           {
             "standard": "6",
             "alternate": "7"
           }
         ],
         "xp":
         [
           "300",
           "500"
         ]
       }
     }
   },
   "Gadgets":
   {
     "Value":
     {
       "Gadget":
       {
         "count": "3",
         "max": "10"
       },
       "Shotgun":
       {
         "count": "4",
         "max": "15"
       },
       "RocketLauncher":
       {
         "count": "5",
         "max": "20"
       }
     }
   }
 }